{"name":"kcmillersean_billboard-hot-100-1958-2017","title":"Billboard Hot weekly charts","description":"Weekly Hot 100 singles chart between 8/2/1958 and 12/28/2019\n\n---\n{\"editor\":\"simple\"}\n---\n### Hot Stuff.csv\nThis dataset contains every weekly Hot 100 singles chart from [Billboard.com](http://Billboard.com). Each row of data represents a song and the corresponding position on that week's chart. Included in each row are the following elements:\n\n\n* Billboard Chart URL\n* WeekID\n* Song name\n* Performer name\n* SongID - Concatenation of song & performer\n* Current week on chart\n* Instance (this is used to separate breaks on the chart for a given song. Example, an instance of 6 tells you that this is the sixth time this song has appeared on the chart)\n* Previous week position\n* Peak Position (as of the corresponding week)\n* Weeks on Chart (as of the corresponding week)\n### Hot 100 Audio Features.csv\nThese are the values for each tracked pulled from the Spotify Web API. A complete and thorough data dictionary can be [referenced at this link](https://developer.spotify.com/documentation/web-api/reference/tracks/get-audio-features/)\n\n​","homepage":"https://data.world/kcmillersean/billboard-hot-100-1958-2017","resources":[{"name":"audiio","schema":{"fields":[{"name":"songid","title":"SongID","type":"string","rdfType":"http://www.w3.org/2001/XMLSchema#string","dwSourceId":"songid"},{"name":"performer","title":"Performer","type":"string","rdfType":"http://www.w3.org/2001/XMLSchema#string","dwSourceId":"performer"},{"name":"song","title":"Song","type":"string","rdfType":"http://www.w3.org/2001/XMLSchema#string","dwSourceId":"song"},{"name":"spotify_genre","title":"spotify_genre","type":"string","rdfType":"http://www.w3.org/2001/XMLSchema#string","dwSourceId":"spotify_genre"},{"name":"spotify_track_id","title":"spotify_track_id","type":"string","rdfType":"http://www.w3.org/2001/XMLSchema#string","dwSourceId":"spotify_track_id"},{"name":"spotify_track_preview_url","title":"spotify_track_preview_url","type":"string","rdfType":"http://www.w3.org/2001/XMLSchema#anyURI","dwSourceId":"spotify_track_preview_url"},{"name":"spotify_track_album","title":"spotify_track_album","type":"string","rdfType":"http://www.w3.org/2001/XMLSchema#string","dwSourceId":"spotify_track_album"},{"name":"spotify_track_explicit","title":"spotify_track_explicit","type":"boolean","rdfType":"http://www.w3.org/2001/XMLSchema#boolean","dwSourceId":"spotify_track_explicit"},{"name":"spotify_track_duration_ms","title":"spotify_track_duration_ms","type":"integer","rdfType":"http://www.w3.org/2001/XMLSchema#integer","dwSourceId":"spotify_track_duration_ms"},{"name":"spotify_track_popularity","title":"spotify_track_popularity","type":"integer","rdfType":"http://www.w3.org/2001/XMLSchema#integer","dwSourceId":"spotify_track_popularity"},{"name":"danceability","title":"danceability","type":"number","rdfType":"http://www.w3.org/2001/XMLSchema#decimal","dwSourceId":"danceability"},{"name":"energy","title":"energy","type":"number","rdfType":"http://www.w3.org/2001/XMLSchema#decimal","dwSourceId":"energy"},{"name":"key","title":"key","type":"integer","rdfType":"http://www.w3.org/2001/XMLSchema#integer","dwSourceId":"key"},{"name":"loudness","title":"loudness","type":"number","rdfType":"http://www.w3.org/2001/XMLSchema#decimal","dwSourceId":"loudness"},{"name":"mode","title":"mode","type":"boolean","rdfType":"http://www.w3.org/2001/XMLSchema#boolean","dwSourceId":"mode"},{"name":"speechiness","title":"speechiness","type":"number","rdfType":"http://www.w3.org/2001/XMLSchema#decimal","dwSourceId":"speechiness"},{"name":"acousticness","title":"acousticness","type":"number","rdfType":"http://www.w3.org/2001/XMLSchema#decimal","dwSourceId":"acousticness"},{"name":"instrumentalness","title":"instrumentalness","type":"number","rdfType":"http://www.w3.org/2001/XMLSchema#decimal","dwSourceId":"instrumentalness"},{"name":"liveness","title":"liveness","type":"number","rdfType":"http://www.w3.org/2001/XMLSchema#decimal","dwSourceId":"liveness"},{"name":"valence","title":"valence","type":"number","rdfType":"http://www.w3.org/2001/XMLSchema#decimal","dwSourceId":"valence"},{"name":"tempo","title":"tempo","type":"number","rdfType":"http://www.w3.org/2001/XMLSchema#decimal","dwSourceId":"tempo"},{"name":"time_signature","title":"time_signature","type":"integer","rdfType":"http://www.w3.org/2001/XMLSchema#integer","dwSourceId":"time_signature"}]},"path":"data/audiio.csv","format":"csv"},{"name":"hot_stuff_2","schema":{"fields":[{"name":"url","title":"url","description":"Billboard.com chart url","type":"string","rdfType":"http://www.w3.org/2001/XMLSchema#anyURI","dwSourceId":"url"},{"name":"weekid","title":"WeekID","description":"Week of chart","type":"date","rdfType":"http://www.w3.org/2001/XMLSchema#date","dwSourceId":"weekid"},{"name":"week_position","title":"Week Position","description":"Position on chart for week","type":"integer","rdfType":"http://www.w3.org/2001/XMLSchema#integer","dwSourceId":"week_position"},{"name":"song","title":"Song","description":"song name","type":"string","rdfType":"http://www.w3.org/2001/XMLSchema#string","dwSourceId":"song"},{"name":"performer","title":"Performer","description":"performing artist or group","type":"string","rdfType":"http://www.w3.org/2001/XMLSchema#string","dwSourceId":"performer"},{"name":"songid","title":"SongID","description":"Concatenation of song&performer","type":"string","rdfType":"http://www.w3.org/2001/XMLSchema#string","dwSourceId":"songid"},{"name":"instance","title":"Instance","description":"Number of times a songID has appeared on chart after dropping off the chart for at least 1 week.","type":"integer","rdfType":"http://www.w3.org/2001/XMLSchema#integer","dwSourceId":"instance"},{"name":"previous_week_position","title":"Previous Week Position","description":"previous chart position for a song  for that week","type":"integer","rdfType":"http://www.w3.org/2001/XMLSchema#integer","dwSourceId":"previous_week_position"},{"name":"peak_position","title":"Peak Position","description":"highest position for a songid for that given week. IT IS NOT THE OVERALL HIGHEST POSITION","type":"integer","rdfType":"http://www.w3.org/2001/XMLSchema#integer","dwSourceId":"peak_position"},{"name":"weeks_on_chart","title":"Weeks on Chart","description":"number of weeks on the chart for a songID for that given week. IT IS NOT THE OVERALL RUNNING COUNT OF WEEKS","type":"integer","rdfType":"http://www.w3.org/2001/XMLSchema#integer","dwSourceId":"weeks_on_chart"}]},"path":"data/hot_stuff_2.csv","format":"csv"},{"name":"original/Hot 100 Audio Features.xlsx","path":"original/Hot 100 Audio Features.xlsx","format":"xlsx","mediatype":"application/vnd.openxmlformats-officedocument.spreadsheetml.sheet","bytes":5730629},{"name":"original/Hot Stuff.csv","path":"original/Hot Stuff.csv","format":"csv","mediatype":"text/csv","bytes":44704493}],"keywords":["music","billboard","chart","hot 100","pop music"]}